id,message,expected_intent,predicted_intent,confidence,decision,expected_action,retrieved_evidence,generated_reply,failure_type,notes
gold_001,Where is my package? Tracking says delivered but nothing is here!,delivery_delay,delivery_delay,0.9999,AUTO_HANDLE,AUTO_HANDLE,[ev_0019] sim=1.00,"We're sorry to hear that! Please check with neighbors or front desk. If still not found, send us a DM with your order ID.",NONE,Standard package tracking inquiry with available historical resolution.
gold_002,"My order was supposed to arrive by 8 PM yesterday, still no delivery.",delivery_delay,delivery_delay,0.9985,AUTO_HANDLE,AUTO_HANDLE,[ev_0016] sim=0.63,"You can cancel un-shipped items via Your Orders. If it has already dispatched, please refuse delivery or return it once received.",NONE,Clear late delivery query.
gold_003,Package tracking status hasn't updated in 4 days. Is it lost in transit?,delivery_delay,delivery_delay,0.989,ESCALATE,AUTO_HANDLE,[ev_0000] sim=0.59,We've routed your inquiry to a specialized human support agent. Reason: No sufficiently verified historical brand resolution retrieved (top similarity 0.59 < threshold 0.60).,OVERCONSERVATIVE_ESCALATION,Stuck tracking inquiry.
gold_004,Driver says handed directly to resident but I was at work all day.,delivery_delay,delivery_delay,0.5153,ESCALATE,AUTO_HANDLE,[ev_0019] sim=0.60,We've routed your inquiry to a specialized human support agent. Reason: Classifier intent confidence (0.52) is below policy threshold (0.65).,OVERCONSERVATIVE_ESCALATION,Misdelivery claim; standard advice is check property then contact support.
gold_005,It's been two weeks and my parcel is still stuck at the regional sort facility.,delivery_delay,product_question,0.2099,ESCALATE,AUTO_HANDLE,[ev_0009] sim=0.61,We've routed your inquiry to a specialized human support agent. Reason: Classifier intent confidence (0.21) is below policy threshold (0.65).,INTENT_AND_ACTION_MISMATCH,Transit delay inquiry.
gold_006,"Package marked delivered on porch but building has no porch, it's an apartment high-rise.",delivery_delay,delivery_delay,0.9971,AUTO_HANDLE,AUTO_HANDLE,[ev_0019] sim=0.61,"We're sorry to hear that! Please check with neighbors or front desk. If still not found, send us a DM with your order ID.",NONE,Misdelivery at wrong building structure.
gold_007,Guaranteed 1-day shipping failed for the third time this week!,delivery_delay,delivery_delay,0.8618,ESCALATE,AUTO_HANDLE,[ev_0007] sim=0.59,"We've routed your inquiry to a specialized human support agent. Reason: Customer reports repeated unresolved interactions, agent hang-up, or explicitly demands supervisory intervention. | No sufficiently verified historical brand resolution retrieved (top similarity 0.59 < threshold 0.60).",OVERCONSERVATIVE_ESCALATION,Prime delivery promise breach.
gold_008,Tracking number 9400111899562537612 shows delivery attempted but gate code was provided.,delivery_delay,delivery_delay,0.9453,AUTO_HANDLE,AUTO_HANDLE,[ev_0019] sim=0.62,"We're sorry to hear that! Please check with neighbors or front desk. If still not found, send us a DM with your order ID.",NONE,Delivery access issue.
gold_009,Is there any way to expedite my shipment after dispatch?,delivery_delay,cancellation_request,0.743,ESCALATE,AUTO_HANDLE,[ev_0017] sim=0.60,We've routed your inquiry to a specialized human support agent. Reason: No sufficiently verified historical brand resolution retrieved (top similarity 0.60 < threshold 0.60).,INTENT_AND_ACTION_MISMATCH,Post-dispatch speed request.
gold_010,Delivery attempted notice left but nobody rang the bell.,delivery_delay,delivery_delay,0.8208,ESCALATE,AUTO_HANDLE,[ev_0019] sim=0.58,We've routed your inquiry to a specialized human support agent. Reason: No sufficiently verified historical brand resolution retrieved (top similarity 0.58 < threshold 0.60).,OVERCONSERVATIVE_ESCALATION,Missed delivery attempt inquiry.
gold_011,Where is my stuff?! You promised Tuesday!,delivery_delay,delivery_delay,0.403,ESCALATE,AUTO_HANDLE,[ev_0019] sim=0.70,We've routed your inquiry to a specialized human support agent. Reason: Classifier intent confidence (0.40) is below policy threshold (0.65).,OVERCONSERVATIVE_ESCALATION,Colloquial late delivery query.
gold_012,My meds were inside that package and temperature sensitive. Need this immediately or I will be hospitalized.,delivery_delay,complaint_escalation,0.32,ESCALATE,ESCALATE,[ev_0002] sim=0.61,We've routed your inquiry to a specialized human support agent. Reason: Classifier intent confidence (0.32) is below policy threshold (0.65).,MISCLASSIFIED_INTENT,Medical emergency / high-risk situation requiring human intervention.
gold_013,"Driver literally threw my package onto the roof, how do I get it down?",delivery_delay,delivery_delay,0.8739,AUTO_HANDLE,ESCALATE,[ev_0025] sim=0.65,You can return gifts via our Online Returns Center using the 17-digit order number from the packing slip! Send us a DM if you need help.,UNSAFE_AUTO_HANDLE,Bizarre delivery mishap needing specialized dispatch review.
gold_014,Tracking says delivered to mailroom but receptionist states no courier arrived.,delivery_delay,delivery_delay,0.999,AUTO_HANDLE,AUTO_HANDLE,[ev_0019] sim=0.74,"We're sorry to hear that! Please check with neighbors or front desk. If still not found, send us a DM with your order ID.",NONE,Commercial address misplacement.
gold_015,Can I change delivery address while package is out for delivery with courier?,delivery_delay,delivery_delay,0.9888,ESCALATE,AUTO_HANDLE,[ev_0013] sim=0.59,We've routed your inquiry to a specialized human support agent. Reason: No sufficiently verified historical brand resolution retrieved (top similarity 0.59 < threshold 0.60).,OVERCONSERVATIVE_ESCALATION,In-transit rerouting request.
gold_016,"Package stolen off my porch, I have security cam footage of the thief.",delivery_delay,delivery_delay,0.8333,AUTO_HANDLE,ESCALATE,[ev_0009] sim=0.62,We're so sorry your item arrived damaged! Please DM us your order ID and a photo of the item so we can arrange a replacement.,UNSAFE_AUTO_HANDLE,Theft / police report claim needing manual claims handling.
gold_017,Delayed again? This is getting ridiculous.,delivery_delay,technical_problem,0.4866,ESCALATE,AUTO_HANDLE,[ev_0007] sim=0.61,We've routed your inquiry to a specialized human support agent. Reason: Classifier intent confidence (0.49) is below policy threshold (0.65).,INTENT_AND_ACTION_MISMATCH,Short frustrated delivery complaint.
gold_018,Courier marked business closed at 2 PM on a weekday.,delivery_delay,product_question,0.4821,ESCALATE,AUTO_HANDLE,[ev_0024] sim=0.57,We've routed your inquiry to a specialized human support agent. Reason: Classifier intent confidence (0.48) is below policy threshold (0.65). | No sufficiently verified historical brand resolution retrieved (top similarity 0.57 < threshold 0.60).,INTENT_AND_ACTION_MISMATCH,Delivery attempt dispute.
gold_019,My parcel says delivered to neighbor in unit 4B but unit 4B is vacant.,delivery_delay,delivery_delay,0.9889,AUTO_HANDLE,AUTO_HANDLE,[ev_0019] sim=0.69,"We're sorry to hear that! Please check with neighbors or front desk. If still not found, send us a DM with your order ID.",NONE,Complex delivery anomaly.
gold_020,Delivery driver backed into my driveway gate and broke it while delivering!,delivery_delay,delivery_delay,0.6853,AUTO_HANDLE,ESCALATE,[ev_0027] sim=0.62,"Let's help you get back in! Please check your spam folder for the OTP, or visit our Account Recovery page.",UNSAFE_AUTO_HANDLE,Property damage claim; strictly escalate.
gold_021,"Expected delivery was 3 days ago, no status update since.",delivery_delay,delivery_delay,0.6519,ESCALATE,AUTO_HANDLE,[ev_0000] sim=0.56,We've routed your inquiry to a specialized human support agent. Reason: No sufficiently verified historical brand resolution retrieved (top similarity 0.56 < threshold 0.60).,OVERCONSERVATIVE_ESCALATION,Late shipment inquiry.
gold_022,Can I pick up the package from the carrier hub directly instead of waiting?,delivery_delay,delivery_delay,0.9878,AUTO_HANDLE,AUTO_HANDLE,[ev_0021] sim=0.61,We're so sorry your item arrived damaged! Please DM us your order ID and a photo of the item so we can arrange a replacement.,NONE,Hub pickup inquiry.
gold_023,Tracking shows returned to sender because address was illegible.,delivery_delay,delivery_delay,0.8881,ESCALATE,AUTO_HANDLE,[ev_0019] sim=0.56,We've routed your inquiry to a specialized human support agent. Reason: No sufficiently verified historical brand resolution retrieved (top similarity 0.56 < threshold 0.60).,OVERCONSERVATIVE_ESCALATION,Return to sender exception.
gold_024,Package was left in the rain and ruined.,delivery_delay,delivery_delay,0.8219,AUTO_HANDLE,AUTO_HANDLE,[ev_0009] sim=0.63,We're so sorry your item arrived damaged! Please DM us your order ID and a photo of the item so we can arrange a replacement.,NONE,Weather damage on delivery.
gold_025,Still waiting... order 402-9981241-11234,delivery_delay,cancellation_request,0.514,ESCALATE,AUTO_HANDLE,[ev_0016] sim=0.58,We've routed your inquiry to a specialized human support agent. Reason: Classifier intent confidence (0.51) is below policy threshold (0.65). | No sufficiently verified historical brand resolution retrieved (top similarity 0.58 < threshold 0.60).,INTENT_AND_ACTION_MISMATCH,Short inquiry with order ID.
gold_026,I was charged twice for my Prime membership this month! Please refund.,refund_request,refund_request,0.9999,AUTO_HANDLE,AUTO_HANDLE,[ev_0007] sim=0.94,We apologize for the double billing! Please send us a DM with your account email so we can verify and issue an immediate refund.,NONE,Classic duplicate subscription charge.
gold_027,My refund has not arrived in my bank account yet. It has been 10 business days.,refund_request,refund_request,0.9999,AUTO_HANDLE,AUTO_HANDLE,[ev_0000] sim=0.98,Refunds typically take 3-5 business days depending on your bank. Please DM us your order details so we can trace the transaction.,NONE,Standard refund turnaround inquiry.
gold_028,"Returned my item over a week ago, when will I get my money back?",refund_request,refund_request,0.8506,ESCALATE,AUTO_HANDLE,[ev_0009] sim=0.58,We've routed your inquiry to a specialized human support agent. Reason: No sufficiently verified historical brand resolution retrieved (top similarity 0.58 < threshold 0.60).,OVERCONSERVATIVE_ESCALATION,Return refund timeline.
gold_029,You promised a promotional credit refund of $20 and it is not on my statement.,refund_request,refund_request,0.9892,ESCALATE,AUTO_HANDLE,[ev_0000] sim=0.58,We've routed your inquiry to a specialized human support agent. Reason: No sufficiently verified historical brand resolution retrieved (top similarity 0.58 < threshold 0.60).,OVERCONSERVATIVE_ESCALATION,Promotional balance dispute.
gold_030,I will file a chargeback with my bank and report you for fraud if my $1200 refund is not issued today!,refund_request,refund_request,0.9979,ESCALATE,ESCALATE,[ev_0000] sim=0.62,"We've routed your inquiry to a specialized human support agent. Reason: Detected potential financial fraud, chargeback warning, or compromised account indicator.",NONE,Chargeback / fraud threat; high risk policy escalation.
gold_031,Why was a restocking fee deducted from my refund? Item was defective!,refund_request,damaged_item,0.6528,ESCALATE,AUTO_HANDLE,[ev_0009] sim=0.58,We've routed your inquiry to a specialized human support agent. Reason: No sufficiently verified historical brand resolution retrieved (top similarity 0.58 < threshold 0.60).,INTENT_AND_ACTION_MISMATCH,Restocking fee dispute.
gold_032,Can I get a refund to a different credit card since my original card was closed?,refund_request,refund_request,0.9719,ESCALATE,AUTO_HANDLE,[ev_0007] sim=0.58,We've routed your inquiry to a specialized human support agent. Reason: No sufficiently verified historical brand resolution retrieved (top similarity 0.58 < threshold 0.60).,OVERCONSERVATIVE_ESCALATION,Closed card refund destination.
gold_033,Refund issued as gift card balance instead of original payment method.,refund_request,refund_request,0.7211,ESCALATE,AUTO_HANDLE,[ev_0025] sim=0.57,We've routed your inquiry to a specialized human support agent. Reason: No sufficiently verified historical brand resolution retrieved (top similarity 0.57 < threshold 0.60).,OVERCONSERVATIVE_ESCALATION,Refund payment method correction.
gold_034,My attorney advised me to contact you one last time before initiating legal recovery for this withheld refund.,refund_request,refund_request,0.843,ESCALATE,ESCALATE,[ev_0007] sim=0.60,We've routed your inquiry to a specialized human support agent. Reason: No sufficiently verified historical brand resolution retrieved (top similarity 0.60 < threshold 0.60).,NONE,Legal attorney mention; mandatory escalation.
gold_035,Order was cancelled by seller but charge is still pending on my debit card.,refund_request,cancellation_request,0.8327,ESCALATE,AUTO_HANDLE,[ev_0016] sim=0.56,We've routed your inquiry to a specialized human support agent. Reason: No sufficiently verified historical brand resolution retrieved (top similarity 0.56 < threshold 0.60).,INTENT_AND_ACTION_MISMATCH,Pending authorization drop explanation.
gold_036,Where is my money?? Order 114-8871923-9912.,refund_request,refund_request,0.3629,ESCALATE,AUTO_HANDLE,[ev_0019] sim=0.70,We've routed your inquiry to a specialized human support agent. Reason: Classifier intent confidence (0.36) is below policy threshold (0.65).,OVERCONSERVATIVE_ESCALATION,Aggressive but standard refund tracking.
gold_037,Item price dropped by $30 the day after I bought it. Can I get a price difference refund?,refund_request,product_question,0.855,ESCALATE,AUTO_HANDLE,[ev_0021] sim=0.59,We've routed your inquiry to a specialized human support agent. Reason: No sufficiently verified historical brand resolution retrieved (top similarity 0.59 < threshold 0.60).,INTENT_AND_ACTION_MISMATCH,Post-purchase price match policy.
gold_038,I returned 3 items in one box but only got refunded for 1.,refund_request,refund_request,0.7028,ESCALATE,ESCALATE,[ev_0019] sim=0.55,We've routed your inquiry to a specialized human support agent. Reason: No sufficiently verified historical brand resolution retrieved (top similarity 0.55 < threshold 0.60).,NONE,Multi-item consolidated return discrepancy needing manual investigation.
gold_039,"Accidentally bought Kindle book, haven't read it, please refund.",refund_request,cancellation_request,0.5087,ESCALATE,AUTO_HANDLE,[ev_0007] sim=0.59,We've routed your inquiry to a specialized human support agent. Reason: Classifier intent confidence (0.51) is below policy threshold (0.65). | No sufficiently verified historical brand resolution retrieved (top similarity 0.59 < threshold 0.60).,INTENT_AND_ACTION_MISMATCH,Digital Kindle return within window.
gold_040,Bank says Amazon never sent the refund transaction batch.,refund_request,refund_request,0.9828,ESCALATE,AUTO_HANDLE,[ev_0000] sim=0.58,We've routed your inquiry to a specialized human support agent. Reason: No sufficiently verified historical brand resolution retrieved (top similarity 0.58 < threshold 0.60).,OVERCONSERVATIVE_ESCALATION,ARN/trace number request.
gold_041,Charged for annual plan when I only signed up for free trial.,refund_request,refund_request,0.853,ESCALATE,AUTO_HANDLE,[ev_0007] sim=0.59,We've routed your inquiry to a specialized human support agent. Reason: No sufficiently verified historical brand resolution retrieved (top similarity 0.59 < threshold 0.60).,OVERCONSERVATIVE_ESCALATION,Trial conversion refund.
gold_042,Unauthorized recurring charges appearing on my credit card every month.,refund_request,refund_request,0.991,ESCALATE,ESCALATE,[ev_0007] sim=0.57,We've routed your inquiry to a specialized human support agent. Reason: No sufficiently verified historical brand resolution retrieved (top similarity 0.57 < threshold 0.60).,NONE,Suspected fraudulent billing.
gold_043,How long does a refund to PayPal take compared to bank debit?,refund_request,refund_request,0.97,ESCALATE,AUTO_HANDLE,[ev_0000] sim=0.59,We've routed your inquiry to a specialized human support agent. Reason: No sufficiently verified historical brand resolution retrieved (top similarity 0.59 < threshold 0.60).,OVERCONSERVATIVE_ESCALATION,Payment method timeframe comparison.
gold_044,My gift card refund didn't credit back to my account balance.,refund_request,refund_request,0.9962,ESCALATE,AUTO_HANDLE,[ev_0000] sim=0.58,We've routed your inquiry to a specialized human support agent. Reason: No sufficiently verified historical brand resolution retrieved (top similarity 0.58 < threshold 0.60).,OVERCONSERVATIVE_ESCALATION,Gift card balance reconciliation.
gold_045,Representative promised a full refund in chat yesterday but no email confirmation arrived.,refund_request,account_access,0.4535,ESCALATE,AUTO_HANDLE,[ev_0000] sim=0.61,We've routed your inquiry to a specialized human support agent. Reason: Classifier intent confidence (0.45) is below policy threshold (0.65).,INTENT_AND_ACTION_MISMATCH,Agent commitment verification.
gold_046,Can I decline an exchange and request a straight refund instead?,refund_request,refund_request,0.7873,ESCALATE,AUTO_HANDLE,[ev_0021] sim=0.56,We've routed your inquiry to a specialized human support agent. Reason: No sufficiently verified historical brand resolution retrieved (top similarity 0.56 < threshold 0.60).,OVERCONSERVATIVE_ESCALATION,Exchange vs refund preference.
gold_047,Charged $99 for something I never purchased in my life.,refund_request,refund_request,0.964,ESCALATE,ESCALATE,[ev_0007] sim=0.58,We've routed your inquiry to a specialized human support agent. Reason: No sufficiently verified historical brand resolution retrieved (top similarity 0.58 < threshold 0.60).,NONE,Unauthorized transaction claim.
gold_048,Received partial refund of $14 instead of the full $65.,refund_request,refund_request,0.6462,ESCALATE,AUTO_HANDLE,[ev_0025] sim=0.60,We've routed your inquiry to a specialized human support agent. Reason: Classifier intent confidence (0.65) is below policy threshold (0.65).,OVERCONSERVATIVE_ESCALATION,Partial refund inquiry.
gold_049,Refund status says complete in portal but zero credit on bank app.,refund_request,refund_request,0.9925,ESCALATE,AUTO_HANDLE,[ev_0000] sim=0.60,We've routed your inquiry to a specialized human support agent. Reason: No sufficiently verified historical brand resolution retrieved (top similarity 0.60 < threshold 0.60).,OVERCONSERVATIVE_ESCALATION,Portal vs bank settlement delay.
gold_050,Money back please.,refund_request,refund_request,0.9274,ESCALATE,AUTO_HANDLE,[ev_0020] sim=0.56,We've routed your inquiry to a specialized human support agent. Reason: No sufficiently verified historical brand resolution retrieved (top similarity 0.56 < threshold 0.60).,OVERCONSERVATIVE_ESCALATION,Terse refund demand.
gold_051,Can you help me cancel my order 112-984712-441? It was an accidental purchase.,cancellation_request,cancellation_request,0.9998,AUTO_HANDLE,AUTO_HANDLE,[ev_0016] sim=0.92,"You can cancel un-shipped items via Your Orders. If it has already dispatched, please refuse delivery or return it once received.",NONE,Standard self-service order cancellation.
gold_052,I placed an order 10 minutes ago and need to cancel it right now.,cancellation_request,cancellation_request,0.9896,ESCALATE,AUTO_HANDLE,[ev_0016] sim=0.60,We've routed your inquiry to a specialized human support agent. Reason: No sufficiently verified historical brand resolution retrieved (top similarity 0.60 < threshold 0.60).,OVERCONSERVATIVE_ESCALATION,Immediate post-order cancellation.
gold_053,Tried cancelling through the app but the cancel button is greyed out.,cancellation_request,cancellation_request,0.7836,ESCALATE,AUTO_HANDLE,[ev_0002] sim=0.59,We've routed your inquiry to a specialized human support agent. Reason: No sufficiently verified historical brand resolution retrieved (top similarity 0.59 < threshold 0.60).,OVERCONSERVATIVE_ESCALATION,Cancellation button disabled (preparing for shipment).
gold_054,How do I cancel my Subscribe & Save scheduled delivery for next week?,cancellation_request,cancellation_request,0.8394,AUTO_HANDLE,AUTO_HANDLE,[ev_0025] sim=0.62,You can return gifts via our Online Returns Center using the 17-digit order number from the packing slip! Send us a DM if you need help.,NONE,Subscribe & Save cancellation guidance.
gold_055,"I want to cancel only item 2 in my order, not the entire basket.",cancellation_request,cancellation_request,0.9362,ESCALATE,AUTO_HANDLE,[ev_0016] sim=0.59,We've routed your inquiry to a specialized human support agent. Reason: No sufficiently verified historical brand resolution retrieved (top similarity 0.59 < threshold 0.60).,OVERCONSERVATIVE_ESCALATION,Partial line-item cancellation.
gold_056,Please stop shipment immediately! Wrong address entered by mistake.,cancellation_request,cancellation_request,0.9665,ESCALATE,AUTO_HANDLE,[ev_0020] sim=0.56,We've routed your inquiry to a specialized human support agent. Reason: No sufficiently verified historical brand resolution retrieved (top similarity 0.56 < threshold 0.60).,OVERCONSERVATIVE_ESCALATION,Urgent address mistake cancellation.
gold_057,Cancel order #8841-2991.,cancellation_request,cancellation_request,0.9728,AUTO_HANDLE,AUTO_HANDLE,[ev_0016] sim=0.61,"You can cancel un-shipped items via Your Orders. If it has already dispatched, please refuse delivery or return it once received.",NONE,Terse cancellation command.
gold_058,"Order says 'Preparing for dispatch', can customer support force a cancellation?",cancellation_request,cancellation_request,0.998,ESCALATE,AUTO_HANDLE,[ev_0023] sim=0.56,We've routed your inquiry to a specialized human support agent. Reason: No sufficiently verified historical brand resolution retrieved (top similarity 0.56 < threshold 0.60).,OVERCONSERVATIVE_ESCALATION,Warehouse dispatch lock explanation.
gold_059,I requested cancellation 2 hours ago but just received a shipping confirmation notification.,cancellation_request,cancellation_request,0.4671,ESCALATE,AUTO_HANDLE,[ev_0019] sim=0.57,We've routed your inquiry to a specialized human support agent. Reason: Classifier intent confidence (0.47) is below policy threshold (0.65). | No sufficiently verified historical brand resolution retrieved (top similarity 0.57 < threshold 0.60).,OVERCONSERVATIVE_ESCALATION,Race condition cancellation advice (refuse delivery).
gold_060,How do I cancel a digital software preorder before release date?,cancellation_request,cancellation_request,0.9882,AUTO_HANDLE,AUTO_HANDLE,[ev_0025] sim=0.65,You can return gifts via our Online Returns Center using the 17-digit order number from the packing slip! Send us a DM if you need help.,NONE,Digital preorder cancellation.
gold_061,Cancel my Amazon Music Unlimited subscription right now.,cancellation_request,cancellation_request,0.8252,AUTO_HANDLE,AUTO_HANDLE,[ev_0016] sim=0.62,"You can cancel un-shipped items via Your Orders. If it has already dispatched, please refuse delivery or return it once received.",NONE,Subscription cancellation.
gold_062,"Accidentally bought 10 units instead of 1, please cancel 9 units.",cancellation_request,cancellation_request,0.987,ESCALATE,AUTO_HANDLE,[ev_0034] sim=0.57,We've routed your inquiry to a specialized human support agent. Reason: No sufficiently verified historical brand resolution retrieved (top similarity 0.57 < threshold 0.60).,OVERCONSERVATIVE_ESCALATION,Quantity mistake cancellation.
gold_063,"If this custom engraved order cannot be cancelled, I will contest the transaction.",cancellation_request,cancellation_request,0.7171,ESCALATE,ESCALATE,[ev_0002] sim=0.57,We've routed your inquiry to a specialized human support agent. Reason: No sufficiently verified historical brand resolution retrieved (top similarity 0.57 < threshold 0.60).,NONE,Custom goods non-cancellable dispute with threat.
gold_064,"My toddler ordered a movie on Fire TV, cancel it immediately.",cancellation_request,cancellation_request,0.9926,ESCALATE,AUTO_HANDLE,[ev_0018] sim=0.62,"We've routed your inquiry to a specialized human support agent. Reason: Detected physical safety hazard, battery risk, or medical urgency requiring immediate human handling.",OVERCONSERVATIVE_ESCALATION,Accidental VOD purchase cancellation.
gold_065,Third-party seller ignored my cancellation request and shipped anyway.,cancellation_request,cancellation_request,0.9587,ESCALATE,AUTO_HANDLE,[ev_0009] sim=0.58,We've routed your inquiry to a specialized human support agent. Reason: No sufficiently verified historical brand resolution retrieved (top similarity 0.58 < threshold 0.60).,OVERCONSERVATIVE_ESCALATION,Marketplace seller dispute policy.
gold_066,I need to cancel an order placed with a gift card before it redeems.,cancellation_request,cancellation_request,0.9423,AUTO_HANDLE,AUTO_HANDLE,[ev_0016] sim=0.61,"You can cancel un-shipped items via Your Orders. If it has already dispatched, please refuse delivery or return it once received.",NONE,Gift card tender reversal.
gold_067,Can I cancel an order while it is in transit?,cancellation_request,cancellation_request,0.9804,AUTO_HANDLE,AUTO_HANDLE,[ev_0016] sim=0.63,"You can cancel un-shipped items via Your Orders. If it has already dispatched, please refuse delivery or return it once received.",NONE,In-transit cancellation clarification.
gold_068,Is there a penalty or fee for cancelling an order prior to delivery?,cancellation_request,cancellation_request,0.6746,ESCALATE,AUTO_HANDLE,[ev_0033] sim=0.60,We've routed your inquiry to a specialized human support agent. Reason: No sufficiently verified historical brand resolution retrieved (top similarity 0.60 < threshold 0.60).,OVERCONSERVATIVE_ESCALATION,Cancellation policy clarification.
gold_069,Can someone cancel my scheduled grocery delivery slot for tomorrow morning?,cancellation_request,cancellation_request,0.8196,AUTO_HANDLE,AUTO_HANDLE,[ev_0034] sim=0.63,"You can cancel un-shipped items via Your Orders. If it has already dispatched, please refuse delivery or return it once received.",NONE,Fresh slot cancellation.
gold_070,Please cancel.,cancellation_request,cancellation_request,0.9757,ESCALATE,AUTO_HANDLE,[ev_0034] sim=0.59,We've routed your inquiry to a specialized human support agent. Reason: No sufficiently verified historical brand resolution retrieved (top similarity 0.59 < threshold 0.60).,OVERCONSERVATIVE_ESCALATION,Very short inquiry.
gold_071,My package arrived damaged. The box was crushed and the item inside is broken.,damaged_item,damaged_item,0.9998,AUTO_HANDLE,AUTO_HANDLE,[ev_0009] sim=0.97,We're so sorry your item arrived damaged! Please DM us your order ID and a photo of the item so we can arrange a replacement.,NONE,Standard damaged item complaint.
gold_072,The ceramic plates I ordered arrived shattered into hundreds of pieces.,damaged_item,damaged_item,0.6904,ESCALATE,AUTO_HANDLE,[ev_0009] sim=0.59,We've routed your inquiry to a specialized human support agent. Reason: No sufficiently verified historical brand resolution retrieved (top similarity 0.59 < threshold 0.60).,OVERCONSERVATIVE_ESCALATION,Broken fragile goods.
gold_073,"Opened the box and the perfume bottle leaked everywhere, completely empty.",damaged_item,damaged_item,0.7421,AUTO_HANDLE,AUTO_HANDLE,[ev_0009] sim=0.69,We're so sorry your item arrived damaged! Please DM us your order ID and a photo of the item so we can arrange a replacement.,NONE,Liquid spill / damaged goods.
gold_074,Brand new TV screen has a huge internal crack right down the middle when powered on.,damaged_item,damaged_item,0.5263,ESCALATE,AUTO_HANDLE,[ev_0018] sim=0.61,We've routed your inquiry to a specialized human support agent. Reason: Classifier intent confidence (0.53) is below policy threshold (0.65).,OVERCONSERVATIVE_ESCALATION,High value damaged electronics replacement.
gold_075,Received an opened box with missing parts and scratches. This was sold as brand new!,damaged_item,damaged_item,0.7496,AUTO_HANDLE,AUTO_HANDLE,[ev_0002] sim=0.61,We're so sorry your item arrived damaged! Please DM us your order ID and a photo of the item so we can arrange a replacement.,NONE,Used item sold as new / missing parts.
gold_076,The lithium battery inside the electronic device started smoking and melted the plastic casing!,damaged_item,damaged_item,0.6149,ESCALATE,ESCALATE,[ev_0009] sim=0.65,We've routed your inquiry to a specialized human support agent. Reason: Classifier intent confidence (0.61) is below policy threshold (0.65).,NONE,Safety hazard / fire risk; mandatory high-priority escalation.
gold_077,Clothing item arrived stained with grease.,damaged_item,delivery_delay,0.2892,ESCALATE,AUTO_HANDLE,[ev_0009] sim=0.60,We've routed your inquiry to a specialized human support agent. Reason: Classifier intent confidence (0.29) is below policy threshold (0.65). | No sufficiently verified historical brand resolution retrieved (top similarity 0.60 < threshold 0.60).,INTENT_AND_ACTION_MISMATCH,Soiled apparel replacement.
gold_078,Book cover is torn and several pages are ripped out.,damaged_item,damaged_item,0.2856,ESCALATE,AUTO_HANDLE,[ev_0002] sim=0.60,We've routed your inquiry to a specialized human support agent. Reason: Classifier intent confidence (0.29) is below policy threshold (0.65).,OVERCONSERVATIVE_ESCALATION,Damaged print book.
gold_079,Box was soaking wet and disintegrating when delivered by the carrier.,damaged_item,delivery_delay,0.9125,AUTO_HANDLE,AUTO_HANDLE,[ev_0009] sim=0.66,We're so sorry your item arrived damaged! Please DM us your order ID and a photo of the item so we can arrange a replacement.,MISCLASSIFIED_INTENT,Carrier water damage.
gold_080,Laptop turns on but half the keyboard keys do not register.,damaged_item,cancellation_request,0.2014,ESCALATE,AUTO_HANDLE,[ev_0025] sim=0.58,We've routed your inquiry to a specialized human support agent. Reason: Classifier intent confidence (0.20) is below policy threshold (0.65). | No sufficiently verified historical brand resolution retrieved (top similarity 0.58 < threshold 0.60).,INTENT_AND_ACTION_MISMATCH,Defective hardware.
gold_081,Broken glass cut my child's hand when opening the crushed delivery box!,damaged_item,damaged_item,0.9948,AUTO_HANDLE,ESCALATE,[ev_0009] sim=0.67,We're so sorry your item arrived damaged! Please DM us your order ID and a photo of the item so we can arrange a replacement.,UNSAFE_AUTO_HANDLE,Physical injury caused by damaged shipment; mandatory escalation.
gold_082,"Item arrived without the power adapter, cannot use it.",damaged_item,refund_request,0.2414,ESCALATE,AUTO_HANDLE,[ev_0009] sim=0.60,We've routed your inquiry to a specialized human support agent. Reason: Classifier intent confidence (0.24) is below policy threshold (0.65).,INTENT_AND_ACTION_MISMATCH,Missing accessory.
gold_083,Food package seal was broken and expiration date was last month.,damaged_item,damaged_item,0.5652,ESCALATE,AUTO_HANDLE,[ev_0009] sim=0.62,We've routed your inquiry to a specialized human support agent. Reason: Classifier intent confidence (0.57) is below policy threshold (0.65).,OVERCONSERVATIVE_ESCALATION,Expired / tampered grocery item.
gold_084,Do I have to return the broken glass shards to get a refund?,damaged_item,damaged_item,0.951,AUTO_HANDLE,AUTO_HANDLE,[ev_0025] sim=0.62,You can return gifts via our Online Returns Center using the 17-digit order number from the packing slip! Send us a DM if you need help.,NONE,Hazardous return exception policy.
gold_085,Watch glass is badly scratched out of the sealed box.,damaged_item,damaged_item,0.9146,AUTO_HANDLE,AUTO_HANDLE,[ev_0009] sim=0.63,We're so sorry your item arrived damaged! Please DM us your order ID and a photo of the item so we can arrange a replacement.,NONE,Cosmetic defect on arrival.
gold_086,Guitar neck snapped in half during transit.,damaged_item,return_policy_inquiry,0.2955,ESCALATE,AUTO_HANDLE,[ev_0000] sim=0.58,We've routed your inquiry to a specialized human support agent. Reason: Classifier intent confidence (0.30) is below policy threshold (0.65). | No sufficiently verified historical brand resolution retrieved (top similarity 0.58 < threshold 0.60).,INTENT_AND_ACTION_MISMATCH,Severe transit breakage.
gold_087,Second replacement item arrived damaged just like the first one!,damaged_item,damaged_item,0.9964,AUTO_HANDLE,ESCALATE,[ev_0009] sim=0.68,We're so sorry your item arrived damaged! Please DM us your order ID and a photo of the item so we can arrange a replacement.,UNSAFE_AUTO_HANDLE,Repeated fulfillment failure; customer frustration.
gold_088,Shoes sent were scuffed and clearly worn outside.,damaged_item,damaged_item,0.3468,ESCALATE,AUTO_HANDLE,[ev_0009] sim=0.58,We've routed your inquiry to a specialized human support agent. Reason: Classifier intent confidence (0.35) is below policy threshold (0.65). | No sufficiently verified historical brand resolution retrieved (top similarity 0.58 < threshold 0.60).,OVERCONSERVATIVE_ESCALATION,Used merchandise return.
gold_089,Monitor has 5 dead pixels in the center of the display.,damaged_item,refund_request,0.3532,ESCALATE,AUTO_HANDLE,[ev_0000] sim=0.61,We've routed your inquiry to a specialized human support agent. Reason: Classifier intent confidence (0.35) is below policy threshold (0.65).,INTENT_AND_ACTION_MISMATCH,Electronic defect tolerance inquiry.
gold_090,"Crushed box, broken inside.",damaged_item,damaged_item,0.9981,AUTO_HANDLE,AUTO_HANDLE,[ev_0009] sim=0.66,We're so sorry your item arrived damaged! Please DM us your order ID and a photo of the item so we can arrange a replacement.,NONE,Short damaged goods note.
gold_091,I cannot log into my account. It says password incorrect even after reset.,account_access,account_access,0.6084,ESCALATE,AUTO_HANDLE,[ev_0027] sim=1.00,We've routed your inquiry to a specialized human support agent. Reason: Classifier intent confidence (0.61) is below policy threshold (0.65).,OVERCONSERVATIVE_ESCALATION,Password reset loop issue.
gold_092,Not receiving the 2-step verification OTP code on my mobile phone.,account_access,account_access,0.9998,AUTO_HANDLE,AUTO_HANDLE,[ev_0018] sim=0.62,"Sorry for the playback issues! Please restart your router, clear Prime Video app cache, and ensure your app is updated to the latest version.",NONE,2FA SMS OTP delivery delay.
gold_093,"My account has been locked due to suspicious activity, please help unlock it.",account_access,account_access,0.9998,AUTO_HANDLE,AUTO_HANDLE,[ev_0000] sim=0.65,Refunds typically take 3-5 business days depending on your bank. Please DM us your order details so we can trace the transaction.,NONE,Account security lock recovery steps.
gold_094,"I believe my account was hacked, unauthorized orders were placed in another country!",account_access,refund_request,0.8502,ESCALATE,ESCALATE,[ev_0000] sim=0.58,"We've routed your inquiry to a specialized human support agent. Reason: Detected potential financial fraud, chargeback warning, or compromised account indicator. | No sufficiently verified historical brand resolution retrieved (top similarity 0.58 < threshold 0.60).",MISCLASSIFIED_INTENT,Account takeover / fraud in progress; urgent escalation.
gold_095,How do I change the phone number linked to my two-factor authentication?,account_access,account_access,0.6109,ESCALATE,AUTO_HANDLE,[ev_0025] sim=0.68,We've routed your inquiry to a specialized human support agent. Reason: Classifier intent confidence (0.61) is below policy threshold (0.65).,OVERCONSERVATIVE_ESCALATION,Phone number update guidance.
gold_096,"No longer have access to my old email address, how can I regain access to my account?",account_access,account_access,0.9968,ESCALATE,AUTO_HANDLE,[ev_0022] sim=0.56,We've routed your inquiry to a specialized human support agent. Reason: No sufficiently verified historical brand resolution retrieved (top similarity 0.56 < threshold 0.60).,OVERCONSERVATIVE_ESCALATION,Email loss account verification flow.
gold_097,"Locked out of my Prime account on Apple TV, keeps asking for QR code verification.",account_access,account_access,0.9969,AUTO_HANDLE,AUTO_HANDLE,[ev_0018] sim=0.62,"Sorry for the playback issues! Please restart your router, clear Prime Video app cache, and ensure your app is updated to the latest version.",NONE,Smart TV device registration.
gold_098,Someone changed my account password and registered phone without my permission.,account_access,account_access,0.4703,ESCALATE,ESCALATE,[ev_0001] sim=0.61,We've routed your inquiry to a specialized human support agent. Reason: Classifier intent confidence (0.47) is below policy threshold (0.65).,NONE,Compromised account credential hijack.
gold_099,Why does the login page keep asking me to solve captchas over and over?,account_access,account_access,0.7328,AUTO_HANDLE,AUTO_HANDLE,[ev_0009] sim=0.61,We're so sorry your item arrived damaged! Please DM us your order ID and a photo of the item so we can arrange a replacement.,NONE,Captcha loop browser troubleshooting.
gold_100,Can I merge two separate Amazon accounts under one email?,account_access,account_access,0.5433,ESCALATE,AUTO_HANDLE,[ev_0034] sim=0.58,We've routed your inquiry to a specialized human support agent. Reason: Classifier intent confidence (0.54) is below policy threshold (0.65). | No sufficiently verified historical brand resolution retrieved (top similarity 0.58 < threshold 0.60).,OVERCONSERVATIVE_ESCALATION,Account merging policy.
gold_101,"Authenticator app died with my broken phone, cannot generate backup 2FA code.",account_access,account_access,0.5638,ESCALATE,AUTO_HANDLE,[ev_0009] sim=0.57,We've routed your inquiry to a specialized human support agent. Reason: Classifier intent confidence (0.56) is below policy threshold (0.65). | No sufficiently verified historical brand resolution retrieved (top similarity 0.57 < threshold 0.60).,OVERCONSERVATIVE_ESCALATION,2FA backup recovery procedure.
gold_102,How do I permanently delete my account and all associated personal data?,account_access,refund_request,0.552,ESCALATE,AUTO_HANDLE,[ev_0025] sim=0.62,We've routed your inquiry to a specialized human support agent. Reason: Classifier intent confidence (0.55) is below policy threshold (0.65).,INTENT_AND_ACTION_MISMATCH,GDPR / privacy account closure.
gold_103,Keep getting logged out every 5 minutes while browsing products.,account_access,technical_problem,0.5334,ESCALATE,AUTO_HANDLE,[ev_0034] sim=0.00,We've routed your inquiry to a specialized human support agent. Reason: Classifier intent confidence (0.53) is below policy threshold (0.65). | No sufficiently verified historical brand resolution retrieved (top similarity 0.00 < threshold 0.60).,INTENT_AND_ACTION_MISMATCH,Cookie / session timeout troubleshooting.
gold_104,"Account suspended with active orders pending, what do I do?",account_access,refund_request,0.4919,ESCALATE,ESCALATE,[ev_0025] sim=0.59,We've routed your inquiry to a specialized human support agent. Reason: Classifier intent confidence (0.49) is below policy threshold (0.65). | No sufficiently verified historical brand resolution retrieved (top similarity 0.59 < threshold 0.60).,MISCLASSIFIED_INTENT,Account suspension appeal.
gold_105,Is there a way to view active login sessions across devices?,account_access,account_access,0.8828,ESCALATE,AUTO_HANDLE,[ev_0004] sim=0.60,We've routed your inquiry to a specialized human support agent. Reason: No sufficiently verified historical brand resolution retrieved (top similarity 0.60 < threshold 0.60).,OVERCONSERVATIVE_ESCALATION,Device management settings.
gold_106,Password reset link emailed to me says expired 10 seconds after clicking.,account_access,account_access,0.9626,AUTO_HANDLE,AUTO_HANDLE,[ev_0027] sim=0.64,"Let's help you get back in! Please check your spam folder for the OTP, or visit our Account Recovery page.",NONE,Expired token glitch.
gold_107,Can two family members share one Prime login legally?,account_access,account_access,0.7408,ESCALATE,AUTO_HANDLE,[ev_0015] sim=0.59,We've routed your inquiry to a specialized human support agent. Reason: No sufficiently verified historical brand resolution retrieved (top similarity 0.59 < threshold 0.60).,OVERCONSERVATIVE_ESCALATION,Amazon Household feature advice.
gold_108,System says my phone number is already registered to another user.,account_access,account_access,0.4361,ESCALATE,AUTO_HANDLE,[ev_0019] sim=0.62,We've routed your inquiry to a specialized human support agent. Reason: Classifier intent confidence (0.44) is below policy threshold (0.65).,OVERCONSERVATIVE_ESCALATION,Recycled phone number conflict.
gold_109,Can't log in at all.,account_access,account_access,0.3619,ESCALATE,AUTO_HANDLE,[ev_0000] sim=0.55,We've routed your inquiry to a specialized human support agent. Reason: Classifier intent confidence (0.36) is below policy threshold (0.65). | No sufficiently verified historical brand resolution retrieved (top similarity 0.55 < threshold 0.60).,OVERCONSERVATIVE_ESCALATION,Short login complaint.
gold_110,Locked out.,account_access,account_access,0.9555,ESCALATE,AUTO_HANDLE,[ev_0034] sim=0.00,We've routed your inquiry to a specialized human support agent. Reason: No sufficiently verified historical brand resolution retrieved (top similarity 0.00 < threshold 0.60).,OVERCONSERVATIVE_ESCALATION,Terse login issue.
gold_111,How do I return a gift that I received without notifying the sender?,return_policy_inquiry,return_policy_inquiry,0.9998,AUTO_HANDLE,AUTO_HANDLE,[ev_0025] sim=1.00,You can return gifts via our Online Returns Center using the 17-digit order number from the packing slip! Send us a DM if you need help.,NONE,Gift return procedure.
gold_112,Where do I drop off my return package? Do I need to print a label?,return_policy_inquiry,return_policy_inquiry,0.9996,ESCALATE,AUTO_HANDLE,[ev_0025] sim=0.60,We've routed your inquiry to a specialized human support agent. Reason: No sufficiently verified historical brand resolution retrieved (top similarity 0.60 < threshold 0.60).,OVERCONSERVATIVE_ESCALATION,Label-free UPS / Kohl's return instructions.
gold_113,What is the return window for electronics purchased during the holiday season?,return_policy_inquiry,return_policy_inquiry,0.9998,AUTO_HANDLE,AUTO_HANDLE,[ev_0025] sim=0.60,You can return gifts via our Online Returns Center using the 17-digit order number from the packing slip! Send us a DM if you need help.,NONE,Holiday extended return window query.
gold_114,Can I return an opened mattress if it's within the 30 day trial period?,return_policy_inquiry,return_policy_inquiry,0.7292,ESCALATE,AUTO_HANDLE,[ev_0022] sim=0.60,We've routed your inquiry to a specialized human support agent. Reason: No sufficiently verified historical brand resolution retrieved (top similarity 0.60 < threshold 0.60).,OVERCONSERVATIVE_ESCALATION,Bulky item return policy.
gold_115,Is return shipping free for Prime members or do I have to pay postage?,return_policy_inquiry,delivery_delay,0.8481,ESCALATE,AUTO_HANDLE,[ev_0025] sim=0.59,We've routed your inquiry to a specialized human support agent. Reason: No sufficiently verified historical brand resolution retrieved (top similarity 0.59 < threshold 0.60).,INTENT_AND_ACTION_MISMATCH,Return postage fees inquiry.
gold_116,Return QR code expired before I could make it to the drop-off locker.,return_policy_inquiry,return_policy_inquiry,0.9523,AUTO_HANDLE,AUTO_HANDLE,[ev_0025] sim=0.61,You can return gifts via our Online Returns Center using the 17-digit order number from the packing slip! Send us a DM if you need help.,NONE,Return QR code regeneration.
gold_117,Can I return an item without the original manufacturer cardboard box?,return_policy_inquiry,product_question,0.448,ESCALATE,AUTO_HANDLE,[ev_0021] sim=0.61,We've routed your inquiry to a specialized human support agent. Reason: Classifier intent confidence (0.45) is below policy threshold (0.65).,INTENT_AND_ACTION_MISMATCH,Original packaging requirement.
gold_118,Can I return beauty products or cosmetics after breaking the seal?,return_policy_inquiry,return_policy_inquiry,0.8387,ESCALATE,AUTO_HANDLE,[ev_0022] sim=0.60,We've routed your inquiry to a specialized human support agent. Reason: No sufficiently verified historical brand resolution retrieved (top similarity 0.60 < threshold 0.60).,OVERCONSERVATIVE_ESCALATION,Health and personal care return exceptions.
gold_119,Can I return an item purchased from Amazon Warehouse Deals?,return_policy_inquiry,return_policy_inquiry,0.8409,ESCALATE,AUTO_HANDLE,[ev_0022] sim=0.56,We've routed your inquiry to a specialized human support agent. Reason: No sufficiently verified historical brand resolution retrieved (top similarity 0.56 < threshold 0.60).,OVERCONSERVATIVE_ESCALATION,Warehouse deals return eligibility.
gold_120,How do I schedule a carrier home pickup for a heavy return parcel?,return_policy_inquiry,return_policy_inquiry,0.5032,ESCALATE,AUTO_HANDLE,[ev_0025] sim=0.68,We've routed your inquiry to a specialized human support agent. Reason: Classifier intent confidence (0.50) is below policy threshold (0.65).,OVERCONSERVATIVE_ESCALATION,UPS pickup return option.
gold_121,I lost my return tracking receipt from the drop-off counter.,return_policy_inquiry,return_policy_inquiry,0.9849,ESCALATE,AUTO_HANDLE,[ev_0025] sim=0.59,We've routed your inquiry to a specialized human support agent. Reason: No sufficiently verified historical brand resolution retrieved (top similarity 0.59 < threshold 0.60).,OVERCONSERVATIVE_ESCALATION,Drop-off receipt loss guidance.
gold_122,Can international orders be returned using local domestic post?,return_policy_inquiry,cancellation_request,0.3256,ESCALATE,AUTO_HANDLE,[ev_0034] sim=0.58,We've routed your inquiry to a specialized human support agent. Reason: Classifier intent confidence (0.33) is below policy threshold (0.65). | No sufficiently verified historical brand resolution retrieved (top similarity 0.58 < threshold 0.60).,INTENT_AND_ACTION_MISMATCH,International return shipping.
gold_123,Are downloadable software codes eligible for return or exchange?,return_policy_inquiry,return_policy_inquiry,0.7836,ESCALATE,AUTO_HANDLE,[ev_0025] sim=0.57,We've routed your inquiry to a specialized human support agent. Reason: No sufficiently verified historical brand resolution retrieved (top similarity 0.57 < threshold 0.60).,OVERCONSERVATIVE_ESCALATION,Digital software non-returnable policy.
gold_124,What happens if I accidentally return the wrong item in the return box?,return_policy_inquiry,return_policy_inquiry,0.741,AUTO_HANDLE,AUTO_HANDLE,[ev_0009] sim=0.61,We're so sorry your item arrived damaged! Please DM us your order ID and a photo of the item so we can arrange a replacement.,NONE,Wrong item returned process.
gold_125,How many days do I have to ship the return after printing the label?,return_policy_inquiry,return_policy_inquiry,0.983,AUTO_HANDLE,AUTO_HANDLE,[ev_0025] sim=0.65,You can return gifts via our Online Returns Center using the 17-digit order number from the packing slip! Send us a DM if you need help.,NONE,Return label validity window.
gold_126,Can I return an item bought with an promotional gift code?,return_policy_inquiry,return_policy_inquiry,0.9334,ESCALATE,AUTO_HANDLE,[ev_0025] sim=0.58,We've routed your inquiry to a specialized human support agent. Reason: No sufficiently verified historical brand resolution retrieved (top similarity 0.58 < threshold 0.60).,OVERCONSERVATIVE_ESCALATION,Promotional balance return rules.
gold_127,Can I return food items or groceries?,return_policy_inquiry,return_policy_inquiry,0.886,ESCALATE,AUTO_HANDLE,[ev_0022] sim=0.60,We've routed your inquiry to a specialized human support agent. Reason: No sufficiently verified historical brand resolution retrieved (top similarity 0.60 < threshold 0.60).,OVERCONSERVATIVE_ESCALATION,Grocery non-returnable refund policy.
gold_128,Does Amazon provide a printed return label if I don't own a printer?,return_policy_inquiry,return_policy_inquiry,0.9777,ESCALATE,AUTO_HANDLE,[ev_0025] sim=0.60,We've routed your inquiry to a specialized human support agent. Reason: No sufficiently verified historical brand resolution retrieved (top similarity 0.60 < threshold 0.60).,OVERCONSERVATIVE_ESCALATION,Printerless QR code drop-off.
gold_129,How to return an item?,return_policy_inquiry,return_policy_inquiry,0.962,ESCALATE,AUTO_HANDLE,[ev_0025] sim=0.60,We've routed your inquiry to a specialized human support agent. Reason: No sufficiently verified historical brand resolution retrieved (top similarity 0.60 < threshold 0.60).,OVERCONSERVATIVE_ESCALATION,Short return inquiry.
gold_130,Return policy details.,return_policy_inquiry,return_policy_inquiry,0.9921,ESCALATE,AUTO_HANDLE,[ev_0025] sim=0.60,We've routed your inquiry to a specialized human support agent. Reason: No sufficiently verified historical brand resolution retrieved (top similarity 0.60 < threshold 0.60).,OVERCONSERVATIVE_ESCALATION,Terse return keyword.
gold_131,Streaming quality on Prime Video is buffering constantly on my TV.,technical_problem,technical_problem,0.9999,AUTO_HANDLE,AUTO_HANDLE,[ev_0018] sim=1.00,"Sorry for the playback issues! Please restart your router, clear Prime Video app cache, and ensure your app is updated to the latest version.",NONE,Video buffering troubleshooting.
gold_132,The mobile app crashes every time I click proceed to checkout on iOS 17.,technical_problem,technical_problem,0.9997,ESCALATE,AUTO_HANDLE,[ev_0018] sim=0.59,We've routed your inquiry to a specialized human support agent. Reason: No sufficiently verified historical brand resolution retrieved (top similarity 0.59 < threshold 0.60).,OVERCONSERVATIVE_ESCALATION,App crash at checkout.
gold_133,Getting error code 500 when trying to view my shopping cart on Google Chrome.,technical_problem,technical_problem,0.9988,AUTO_HANDLE,AUTO_HANDLE,[ev_0018] sim=0.64,"Sorry for the playback issues! Please restart your router, clear Prime Video app cache, and ensure your app is updated to the latest version.",NONE,HTTP 500 error clearing cache.
gold_134,Alexa won't connect to my home Wi-Fi network after router restart.,technical_problem,damaged_item,0.3122,ESCALATE,AUTO_HANDLE,[ev_0027] sim=0.60,We've routed your inquiry to a specialized human support agent. Reason: Classifier intent confidence (0.31) is below policy threshold (0.65). | No sufficiently verified historical brand resolution retrieved (top similarity 0.60 < threshold 0.60).,INTENT_AND_ACTION_MISMATCH,Smart speaker connectivity issue.
gold_135,Kindle Paperwhite screen is frozen on the screensaver and not responding to power button.,technical_problem,account_access,0.1404,ESCALATE,AUTO_HANDLE,[ev_0009] sim=0.60,We've routed your inquiry to a specialized human support agent. Reason: Classifier intent confidence (0.14) is below policy threshold (0.65).,INTENT_AND_ACTION_MISMATCH,Kindle hard reboot steps.
gold_136,Credit card payment gateway keeps failing with 'Payment revision needed' even though card is valid.,technical_problem,refund_request,0.9802,ESCALATE,AUTO_HANDLE,[ev_0017] sim=0.59,We've routed your inquiry to a specialized human support agent. Reason: No sufficiently verified historical brand resolution retrieved (top similarity 0.59 < threshold 0.60).,INTENT_AND_ACTION_MISMATCH,Payment authorization error.
gold_137,Search bar on the website is returning zero results for every keyword today.,technical_problem,technical_problem,0.9799,ESCALATE,AUTO_HANDLE,[ev_0018] sim=0.59,We've routed your inquiry to a specialized human support agent. Reason: No sufficiently verified historical brand resolution retrieved (top similarity 0.59 < threshold 0.60).,OVERCONSERVATIVE_ESCALATION,Website search outage.
gold_138,Prime Video subtitles are out of sync by 10 seconds on season 3.,technical_problem,technical_problem,0.9262,AUTO_HANDLE,AUTO_HANDLE,[ev_0018] sim=0.68,"Sorry for the playback issues! Please restart your router, clear Prime Video app cache, and ensure your app is updated to the latest version.",NONE,Audio/subtitle sync issue.
gold_139,App says 'Unable to load orders' whenever I refresh the tab.,technical_problem,technical_problem,0.7373,ESCALATE,AUTO_HANDLE,[ev_0009] sim=0.58,We've routed your inquiry to a specialized human support agent. Reason: No sufficiently verified historical brand resolution retrieved (top similarity 0.58 < threshold 0.60).,OVERCONSERVATIVE_ESCALATION,Network connection error in app.
gold_140,"Purchased audiobook won't download in Audible app, stuck at 0%.",technical_problem,technical_problem,0.2438,ESCALATE,AUTO_HANDLE,[ev_0000] sim=0.58,We've routed your inquiry to a specialized human support agent. Reason: Classifier intent confidence (0.24) is below policy threshold (0.65). | No sufficiently verified historical brand resolution retrieved (top similarity 0.58 < threshold 0.60).,OVERCONSERVATIVE_ESCALATION,Audible download stall.
gold_141,"Two-factor SMS arrives 45 minutes late, always invalid.",technical_problem,delivery_delay,0.8945,ESCALATE,AUTO_HANDLE,[ev_0034] sim=0.00,We've routed your inquiry to a specialized human support agent. Reason: No sufficiently verified historical brand resolution retrieved (top similarity 0.00 < threshold 0.60).,INTENT_AND_ACTION_MISMATCH,Carrier SMS gateway latency.
gold_142,One-click ordering button disappeared from product pages.,technical_problem,technical_problem,0.3241,ESCALATE,AUTO_HANDLE,[ev_0034] sim=0.00,We've routed your inquiry to a specialized human support agent. Reason: Classifier intent confidence (0.32) is below policy threshold (0.65). | No sufficiently verified historical brand resolution retrieved (top similarity 0.00 < threshold 0.60).,OVERCONSERVATIVE_ESCALATION,1-Click ordering toggle.
gold_143,Fire TV stick is in an endless boot loop showing only logo.,technical_problem,account_access,0.3143,ESCALATE,AUTO_HANDLE,[ev_0018] sim=0.58,"We've routed your inquiry to a specialized human support agent. Reason: Detected physical safety hazard, battery risk, or medical urgency requiring immediate human handling. | Classifier intent confidence (0.31) is below policy threshold (0.65). | No sufficiently verified historical brand resolution retrieved (top similarity 0.58 < threshold 0.60).",INTENT_AND_ACTION_MISMATCH,Fire TV boot recovery.
gold_144,Can't play downloaded offline videos on iPad during flight.,technical_problem,technical_problem,0.5164,ESCALATE,AUTO_HANDLE,[ev_0018] sim=0.60,We've routed your inquiry to a specialized human support agent. Reason: Classifier intent confidence (0.52) is below policy threshold (0.65).,OVERCONSERVATIVE_ESCALATION,DRM license check for offline media.
gold_145,Website displays in Spanish even though my language setting is English.,technical_problem,technical_problem,0.9745,ESCALATE,AUTO_HANDLE,[ev_0008] sim=0.57,We've routed your inquiry to a specialized human support agent. Reason: No sufficiently verified historical brand resolution retrieved (top similarity 0.57 < threshold 0.60).,OVERCONSERVATIVE_ESCALATION,Language preference reset.
gold_146,Item details page won't let me select sizes from the dropdown.,technical_problem,damaged_item,0.371,ESCALATE,AUTO_HANDLE,[ev_0009] sim=0.61,We've routed your inquiry to a specialized human support agent. Reason: Classifier intent confidence (0.37) is below policy threshold (0.65).,INTENT_AND_ACTION_MISMATCH,Browser JS glitch.
gold_147,Prime Video 4K HDR playback defaults to 480p on gigabit fiber internet.,technical_problem,technical_problem,0.9526,AUTO_HANDLE,AUTO_HANDLE,[ev_0018] sim=0.70,"Sorry for the playback issues! Please restart your router, clear Prime Video app cache, and ensure your app is updated to the latest version.",NONE,HDCP / streaming quality negotiation.
gold_148,"Cannot apply promo code at checkout, error says invalid format.",technical_problem,technical_problem,0.8994,AUTO_HANDLE,AUTO_HANDLE,[ev_0027] sim=0.62,"Let's help you get back in! Please check your spam folder for the OTP, or visit our Account Recovery page.",NONE,Promo coupon formatting issue.
gold_149,App crashed.,technical_problem,technical_problem,0.9782,ESCALATE,AUTO_HANDLE,[ev_0034] sim=0.00,We've routed your inquiry to a specialized human support agent. Reason: No sufficiently verified historical brand resolution retrieved (top similarity 0.00 < threshold 0.60).,OVERCONSERVATIVE_ESCALATION,Short app crash report.
gold_150,Your website is broken.,technical_problem,technical_problem,0.5638,ESCALATE,AUTO_HANDLE,[ev_0002] sim=0.60,We've routed your inquiry to a specialized human support agent. Reason: Classifier intent confidence (0.56) is below policy threshold (0.65).,OVERCONSERVATIVE_ESCALATION,Terse glitch report.
gold_151,I need an official VAT invoice for my business purchase.,product_question,product_question,0.9998,AUTO_HANDLE,AUTO_HANDLE,[ev_0024] sim=0.94,You can download VAT invoices directly from 'Your Orders' -> 'Invoice'. DM us if the invoice option is missing.,NONE,VAT invoice download instructions.
gold_152,When will the 256GB space grey model be back in stock?,product_question,product_question,0.9985,ESCALATE,AUTO_HANDLE,[ev_0000] sim=0.56,We've routed your inquiry to a specialized human support agent. Reason: No sufficiently verified historical brand resolution retrieved (top similarity 0.56 < threshold 0.60).,OVERCONSERVATIVE_ESCALATION,Stock restocking alert notification.
gold_153,Does this coffee maker work on 220V European voltage or only 110V?,product_question,product_question,0.609,ESCALATE,AUTO_HANDLE,[ev_0014] sim=0.63,We've routed your inquiry to a specialized human support agent. Reason: Classifier intent confidence (0.61) is below policy threshold (0.65).,OVERCONSERVATIVE_ESCALATION,Electrical spec verification.
gold_154,Is this refurbished product backed by the 1-year Amazon Renewed guarantee?,product_question,refund_request,0.2133,ESCALATE,AUTO_HANDLE,[ev_0002] sim=0.63,We've routed your inquiry to a specialized human support agent. Reason: Classifier intent confidence (0.21) is below policy threshold (0.65).,INTENT_AND_ACTION_MISMATCH,Renewed guarantee warranty terms.
gold_155,Can I buy replacement ear cushions for this headphone model?,product_question,damaged_item,0.9631,ESCALATE,AUTO_HANDLE,[ev_0007] sim=0.60,We've routed your inquiry to a specialized human support agent. Reason: No sufficiently verified historical brand resolution retrieved (top similarity 0.60 < threshold 0.60).,INTENT_AND_ACTION_MISMATCH,Spare parts compatibility.
gold_156,How do I download the manufacturer user manual for order #112-998?,product_question,cancellation_request,0.402,ESCALATE,AUTO_HANDLE,[ev_0025] sim=0.63,We've routed your inquiry to a specialized human support agent. Reason: Classifier intent confidence (0.40) is below policy threshold (0.65).,INTENT_AND_ACTION_MISMATCH,Product documentation link.
gold_157,Does the warranty cover accidental spills and drops on this tablet?,product_question,product_question,0.7937,AUTO_HANDLE,AUTO_HANDLE,[ev_0002] sim=0.60,We're so sorry your item arrived damaged! Please DM us your order ID and a photo of the item so we can arrange a replacement.,NONE,SquareTrade / Asurion protection terms.
gold_158,Is this seller an authorized dealer for Sony cameras?,product_question,product_question,0.3892,ESCALATE,AUTO_HANDLE,[ev_0033] sim=0.64,We've routed your inquiry to a specialized human support agent. Reason: Classifier intent confidence (0.39) is below policy threshold (0.65).,OVERCONSERVATIVE_ESCALATION,Authorized reseller inquiry.
gold_159,What is the expiration date on this pack of protein powder before I order?,product_question,return_policy_inquiry,0.4741,ESCALATE,AUTO_HANDLE,[ev_0014] sim=0.61,We've routed your inquiry to a specialized human support agent. Reason: Classifier intent confidence (0.47) is below policy threshold (0.65).,INTENT_AND_ACTION_MISMATCH,Perishable expiration query.
gold_160,Can I trade in my old iPhone for gift card credit on this product page?,product_question,refund_request,0.9591,ESCALATE,AUTO_HANDLE,[ev_0007] sim=0.56,We've routed your inquiry to a specialized human support agent. Reason: No sufficiently verified historical brand resolution retrieved (top similarity 0.56 < threshold 0.60).,INTENT_AND_ACTION_MISMATCH,Amazon Trade-In program eligibility.
gold_161,Are the dimensions in the listing inclusive of the mounting brackets?,product_question,product_question,0.3067,ESCALATE,AUTO_HANDLE,[ev_0009] sim=0.59,We've routed your inquiry to a specialized human support agent. Reason: Classifier intent confidence (0.31) is below policy threshold (0.65). | No sufficiently verified historical brand resolution retrieved (top similarity 0.59 < threshold 0.60).,OVERCONSERVATIVE_ESCALATION,Product specification details.
gold_162,Need tax exemption certificate applied to my business account.,product_question,product_question,0.5951,ESCALATE,AUTO_HANDLE,[ev_0024] sim=0.65,We've routed your inquiry to a specialized human support agent. Reason: Classifier intent confidence (0.60) is below policy threshold (0.65).,OVERCONSERVATIVE_ESCALATION,Tax exemption registration.
gold_163,Will this case fit the iPhone 15 Pro or only standard 15?,product_question,product_question,0.4992,ESCALATE,AUTO_HANDLE,[ev_0002] sim=0.61,We've routed your inquiry to a specialized human support agent. Reason: Classifier intent confidence (0.50) is below policy threshold (0.65).,OVERCONSERVATIVE_ESCALATION,Phone accessory sizing.
gold_164,Can I get an invoice?,product_question,product_question,0.9605,AUTO_HANDLE,AUTO_HANDLE,[ev_0020] sim=0.63,You can download VAT invoices directly from 'Your Orders' -> 'Invoice'. DM us if the invoice option is missing.,NONE,Short invoice query.
gold_165,Product warranty details?,product_question,product_question,0.9723,ESCALATE,AUTO_HANDLE,[ev_0034] sim=0.00,We've routed your inquiry to a specialized human support agent. Reason: No sufficiently verified historical brand resolution retrieved (top similarity 0.00 < threshold 0.60).,OVERCONSERVATIVE_ESCALATION,Terse warranty inquiry.
gold_166,Your customer service agent hung up on me earlier. Terrible experience.,complaint_escalation,complaint_escalation,0.9999,ESCALATE,ESCALATE,[ev_0005] sim=1.00,"We've routed your inquiry to a specialized human support agent. Reason: Customer reports repeated unresolved interactions, agent hang-up, or explicitly demands supervisory intervention.",NONE,Agent misconduct complaint; requires supervisor escalation.
gold_167,I have been transferred to 5 different representatives and no one solved my issue!,complaint_escalation,complaint_escalation,0.9988,ESCALATE,ESCALATE,[ev_0000] sim=0.57,"We've routed your inquiry to a specialized human support agent. Reason: Customer reports repeated unresolved interactions, agent hang-up, or explicitly demands supervisory intervention. | No sufficiently verified historical brand resolution retrieved (top similarity 0.57 < threshold 0.60).",NONE,Repeated transfer failure.
gold_168,I demand to speak with an executive supervisor or manager immediately.,complaint_escalation,complaint_escalation,0.9976,ESCALATE,ESCALATE,[ev_0024] sim=0.58,"We've routed your inquiry to a specialized human support agent. Reason: Customer reports repeated unresolved interactions, agent hang-up, or explicitly demands supervisory intervention. | No sufficiently verified historical brand resolution retrieved (top similarity 0.58 < threshold 0.60).",NONE,Direct supervisor demand.
gold_169,I am filing a formal complaint with the Federal Trade Commission (FTC) and the Better Business Bureau (BBB) regarding your deceptive practices!,complaint_escalation,complaint_escalation,0.9235,ESCALATE,ESCALATE,[ev_0009] sim=0.62,We've routed your inquiry to a specialized human support agent. Reason: Detected legal threat or regulatory complaint language (attorney/lawsuit/court/FTC/BBB).,NONE,Regulatory / FTC / BBB complaint threat.
gold_170,My lawyer is drafting a lawsuit for breach of contract and deceptive trade practices.,complaint_escalation,complaint_escalation,0.2402,ESCALATE,ESCALATE,[ev_0002] sim=0.58,We've routed your inquiry to a specialized human support agent. Reason: Detected legal threat or regulatory complaint language (attorney/lawsuit/court/FTC/BBB). | Classifier intent confidence (0.24) is below policy threshold (0.65). | No sufficiently verified historical brand resolution retrieved (top similarity 0.58 < threshold 0.60).,NONE,Lawsuit threat; legal risk trigger.
gold_171,Your delivery driver cursed at my wife and shoved our gate!,complaint_escalation,delivery_delay,0.7472,ESCALATE,ESCALATE,[ev_0009] sim=0.56,We've routed your inquiry to a specialized human support agent. Reason: No sufficiently verified historical brand resolution retrieved (top similarity 0.56 < threshold 0.60).,MISCLASSIFIED_INTENT,Physical altercation / driver hostility.
gold_172,I have been a loyal Prime member for 14 years and you treat me like garbage.,complaint_escalation,complaint_escalation,0.3528,ESCALATE,AUTO_HANDLE,[ev_0016] sim=0.56,We've routed your inquiry to a specialized human support agent. Reason: Classifier intent confidence (0.35) is below policy threshold (0.65). | No sufficiently verified historical brand resolution retrieved (top similarity 0.56 < threshold 0.60).,OVERCONSERVATIVE_ESCALATION,General venting; can be empathetic support auto-handled with standard DM invite.
gold_173,Worst service I have ever experienced in my entire life.,complaint_escalation,complaint_escalation,0.8174,ESCALATE,AUTO_HANDLE,[ev_0000] sim=0.60,We've routed your inquiry to a specialized human support agent. Reason: No sufficiently verified historical brand resolution retrieved (top similarity 0.60 < threshold 0.60).,OVERCONSERVATIVE_ESCALATION,Generic dissatisfaction expression.
gold_174,If this is not resolved within 1 hour I will make sure this goes viral on TikTok and Twitter.,complaint_escalation,product_question,0.4378,ESCALATE,ESCALATE,[ev_0014] sim=0.62,We've routed your inquiry to a specialized human support agent. Reason: Classifier intent confidence (0.44) is below policy threshold (0.65).,MISCLASSIFIED_INTENT,PR viral threat.
gold_175,An agent promised me a compensation credit in writing and now another agent says that agent lied.,complaint_escalation,complaint_escalation,0.8287,ESCALATE,ESCALATE,[ev_0005] sim=0.58,We've routed your inquiry to a specialized human support agent. Reason: No sufficiently verified historical brand resolution retrieved (top similarity 0.58 < threshold 0.60).,NONE,Agent dispute / broken promise.
gold_176,This company is a complete scam and thieves!,complaint_escalation,complaint_escalation,0.7658,ESCALATE,AUTO_HANDLE,[ev_0002] sim=0.62,"We've routed your inquiry to a specialized human support agent. Reason: Detected potential financial fraud, chargeback warning, or compromised account indicator.",OVERCONSERVATIVE_ESCALATION,Standard social media venting.
gold_177,I will contact local consumer protection bureau unless an account manager calls me.,complaint_escalation,refund_request,0.4372,ESCALATE,ESCALATE,[ev_0016] sim=0.58,We've routed your inquiry to a specialized human support agent. Reason: Classifier intent confidence (0.44) is below policy threshold (0.65). | No sufficiently verified historical brand resolution retrieved (top similarity 0.58 < threshold 0.60).,MISCLASSIFIED_INTENT,Consumer protection escalation threat.
gold_178,I am utterly disgusted with the lack of help from your chat bots.,complaint_escalation,damaged_item,0.3623,ESCALATE,AUTO_HANDLE,[ev_0005] sim=0.56,We've routed your inquiry to a specialized human support agent. Reason: Classifier intent confidence (0.36) is below policy threshold (0.65). | No sufficiently verified historical brand resolution retrieved (top similarity 0.56 < threshold 0.60).,INTENT_AND_ACTION_MISMATCH,"Bot dissatisfaction, auto-route to human DM."
gold_179,Your warehouse sent dangerous contaminated products and refused to apologize.,complaint_escalation,complaint_escalation,0.1993,ESCALATE,ESCALATE,[ev_0005] sim=0.57,We've routed your inquiry to a specialized human support agent. Reason: Classifier intent confidence (0.20) is below policy threshold (0.65). | No sufficiently verified historical brand resolution retrieved (top similarity 0.57 < threshold 0.60).,NONE,Contamination hazard complaint.
gold_180,Three weeks of waiting and 10 phone calls with zero resolution.,complaint_escalation,unknown_other,0.2554,ESCALATE,ESCALATE,[ev_0009] sim=0.56,We've routed your inquiry to a specialized human support agent. Reason: Classifier intent confidence (0.26) is below policy threshold (0.65). | Customer issue could not be mapped to any established brand support intent. | No sufficiently verified historical brand resolution retrieved (top similarity 0.56 < threshold 0.60).,MISCLASSIFIED_INTENT,Chronic unresolved ticket.
gold_181,Rep was rude and unhelpful.,complaint_escalation,complaint_escalation,0.9551,ESCALATE,AUTO_HANDLE,[ev_0009] sim=0.60,We've routed your inquiry to a specialized human support agent. Reason: No sufficiently verified historical brand resolution retrieved (top similarity 0.60 < threshold 0.60).,OVERCONSERVATIVE_ESCALATION,Brief agent complaint.
gold_182,Horrible experience today.,complaint_escalation,complaint_escalation,0.9454,ESCALATE,AUTO_HANDLE,[ev_0005] sim=0.59,We've routed your inquiry to a specialized human support agent. Reason: No sufficiently verified historical brand resolution retrieved (top similarity 0.59 < threshold 0.60).,OVERCONSERVATIVE_ESCALATION,Short negative feedback.
gold_183,"I need a senior escalation specialist, not Tier 1 support.",complaint_escalation,complaint_escalation,0.6579,ESCALATE,ESCALATE,[ev_0024] sim=0.57,We've routed your inquiry to a specialized human support agent. Reason: No sufficiently verified historical brand resolution retrieved (top similarity 0.57 < threshold 0.60).,NONE,Senior tier demand.
gold_184,"Cancel everything and delete my profile, I'm never shopping here again.",complaint_escalation,delivery_delay,0.55,ESCALATE,AUTO_HANDLE,[ev_0019] sim=0.56,We've routed your inquiry to a specialized human support agent. Reason: Classifier intent confidence (0.55) is below policy threshold (0.65). | No sufficiently verified historical brand resolution retrieved (top similarity 0.56 < threshold 0.60).,INTENT_AND_ACTION_MISMATCH,Angry churn threat.
gold_185,Disgraceful support.,complaint_escalation,delivery_delay,0.4119,ESCALATE,AUTO_HANDLE,[ev_0034] sim=0.00,We've routed your inquiry to a specialized human support agent. Reason: Classifier intent confidence (0.41) is below policy threshold (0.65). | No sufficiently verified historical brand resolution retrieved (top similarity 0.00 < threshold 0.60).,INTENT_AND_ACTION_MISMATCH,Short complaint.
gold_186,Hello is anyone there today?,unknown_other,unknown_other,0.9987,ESCALATE,AUTO_HANDLE,[ev_0004] sim=0.60,We've routed your inquiry to a specialized human support agent. Reason: Customer issue could not be mapped to any established brand support intent. | No sufficiently verified historical brand resolution retrieved (top similarity 0.60 < threshold 0.60).,OVERCONSERVATIVE_ESCALATION,Greeting with no support context.
gold_187,"Just wanted to say shoutout to whoever packed my order, great job!",unknown_other,unknown_other,0.8092,ESCALATE,AUTO_HANDLE,[ev_0016] sim=0.62,We've routed your inquiry to a specialized human support agent. Reason: Customer issue could not be mapped to any established brand support intent.,OVERCONSERVATIVE_ESCALATION,Compliment / positive feedback.
gold_188,Can you guys sell pet tigers in the future? Asking for a friend haha.,unknown_other,cancellation_request,0.2818,ESCALATE,AUTO_HANDLE,[ev_0016] sim=0.59,We've routed your inquiry to a specialized human support agent. Reason: Classifier intent confidence (0.28) is below policy threshold (0.65). | No sufficiently verified historical brand resolution retrieved (top similarity 0.59 < threshold 0.60).,INTENT_AND_ACTION_MISMATCH,Joke / nonsensical inquiry.
gold_189,What is the meaning of life?,unknown_other,return_policy_inquiry,0.3763,ESCALATE,AUTO_HANDLE,[ev_0002] sim=0.62,We've routed your inquiry to a specialized human support agent. Reason: Classifier intent confidence (0.38) is below policy threshold (0.65).,INTENT_AND_ACTION_MISMATCH,Philosophical query.
gold_190,Testing 1 2 3.,unknown_other,unknown_other,0.869,ESCALATE,AUTO_HANDLE,[ev_0034] sim=0.00,We've routed your inquiry to a specialized human support agent. Reason: Customer issue could not be mapped to any established brand support intent. | No sufficiently verified historical brand resolution retrieved (top similarity 0.00 < threshold 0.60).,OVERCONSERVATIVE_ESCALATION,Test message.
gold_191,Good morning team!,unknown_other,unknown_other,0.7557,ESCALATE,AUTO_HANDLE,[ev_0034] sim=0.00,We've routed your inquiry to a specialized human support agent. Reason: Customer issue could not be mapped to any established brand support intent. | No sufficiently verified historical brand resolution retrieved (top similarity 0.00 < threshold 0.60).,OVERCONSERVATIVE_ESCALATION,Morning greeting.
gold_192,Why is the sky blue?,unknown_other,return_policy_inquiry,0.1777,ESCALATE,AUTO_HANDLE,[ev_0002] sim=0.62,We've routed your inquiry to a specialized human support agent. Reason: Classifier intent confidence (0.18) is below policy threshold (0.65).,INTENT_AND_ACTION_MISMATCH,Out of domain trivia.
gold_193,👍,unknown_other,unknown_other,0.1211,ESCALATE,AUTO_HANDLE,[ev_0034] sim=0.00,We've routed your inquiry to a specialized human support agent. Reason: Classifier intent confidence (0.12) is below policy threshold (0.65). | Customer issue could not be mapped to any established brand support intent. | No sufficiently verified historical brand resolution retrieved (top similarity 0.00 < threshold 0.60).,OVERCONSERVATIVE_ESCALATION,Single emoji.
gold_194,Anybody working right now?,unknown_other,damaged_item,0.541,ESCALATE,AUTO_HANDLE,[ev_0034] sim=0.00,We've routed your inquiry to a specialized human support agent. Reason: Classifier intent confidence (0.54) is below policy threshold (0.65). | No sufficiently verified historical brand resolution retrieved (top similarity 0.00 < threshold 0.60).,INTENT_AND_ACTION_MISMATCH,Availability check.
gold_195,Check your DMs please.,unknown_other,complaint_escalation,0.2914,ESCALATE,AUTO_HANDLE,[ev_0023] sim=0.60,We've routed your inquiry to a specialized human support agent. Reason: Classifier intent confidence (0.29) is below policy threshold (0.65). | No sufficiently verified historical brand resolution retrieved (top similarity 0.60 < threshold 0.60).,INTENT_AND_ACTION_MISMATCH,Meta DM notification without topic.
gold_196,Hey,unknown_other,unknown_other,0.9735,ESCALATE,AUTO_HANDLE,[ev_0024] sim=0.58,We've routed your inquiry to a specialized human support agent. Reason: Customer issue could not be mapped to any established brand support intent. | No sufficiently verified historical brand resolution retrieved (top similarity 0.58 < threshold 0.60).,OVERCONSERVATIVE_ESCALATION,One word greeting.
gold_197,asdfghjk,unknown_other,product_question,0.1521,ESCALATE,AUTO_HANDLE,[ev_0034] sim=0.00,We've routed your inquiry to a specialized human support agent. Reason: Classifier intent confidence (0.15) is below policy threshold (0.65). | No sufficiently verified historical brand resolution retrieved (top similarity 0.00 < threshold 0.60).,INTENT_AND_ACTION_MISMATCH,Gibberish string.
gold_198,Do you like pineapple on pizza?,unknown_other,cancellation_request,0.1973,ESCALATE,AUTO_HANDLE,[ev_0025] sim=0.56,We've routed your inquiry to a specialized human support agent. Reason: Classifier intent confidence (0.20) is below policy threshold (0.65). | No sufficiently verified historical brand resolution retrieved (top similarity 0.56 < threshold 0.60).,INTENT_AND_ACTION_MISMATCH,Casual banter.
gold_199,Can someone help me?,unknown_other,cancellation_request,0.3613,ESCALATE,AUTO_HANDLE,[ev_0034] sim=0.66,We've routed your inquiry to a specialized human support agent. Reason: Classifier intent confidence (0.36) is below policy threshold (0.65).,INTENT_AND_ACTION_MISMATCH,Vague help plea with no topic.
gold_200,?,unknown_other,unknown_other,0.1211,ESCALATE,AUTO_HANDLE,[ev_0034] sim=0.00,We've routed your inquiry to a specialized human support agent. Reason: Classifier intent confidence (0.12) is below policy threshold (0.65). | Customer issue could not be mapped to any established brand support intent. | No sufficiently verified historical brand resolution retrieved (top similarity 0.00 < threshold 0.60).,OVERCONSERVATIVE_ESCALATION,Single punctuation mark.
